{"cron": [{"id": 1, "name": "\u7eed\u7b7eLet's Encrypt\u8bc1\u4e66", "type": "day", "where1": "", "where_hour": 0, "where_minute": 10, "echo": "3ab48c27ec99cb9787749c362afae517", "addtime": "2025-11-28 15:43:27", "status": 1, "save": "", "backupTo": "localhost", "sName": "", "sBody": "/www/server/panel/pyenv/bin/python3 -u /www/server/panel/class/acme_v2.py --renew=1", "sType": "toShell", "urladdress": "", "save_local": 0, "notice": 0, "notice_channel": ""}, {"id": 2, "name": "11", "type": "minute-n", "where1": "5", "where_hour": "", "where_minute": "", "echo": "40c4d732db220e3cd12f36fc7274bf99", "addtime": "2025-12-04 22:29:28", "status": 1, "save": "", "backupTo": "", "sName": "", "sBody": " php /www/wwwroot/amd.youtoube563.top/cron.php", "sType": "toShell", "urladdress": "", "save_local": 1, "notice": "", "notice_channel": ""}, {"id": 3, "name": "yinyue", "type": "day", "where1": "", "where_hour": 0, "where_minute": 1, "echo": "2ad41e2d620dcd11b67c3225bc817ef5", "addtime": "2025-12-10 16:44:58", "status": 0, "save": "", "backupTo": "", "sName": "", "sBody": "", "sType": "toUrl", "urladdress": "https://test.guotai888.top/index/task/index", "save_local": 1, "notice": "", "notice_channel": ""}, {"id": 4, "name": "\u7406\u8d22", "type": "day", "where1": "", "where_hour": 12, "where_minute": 59, "echo": "287c91e725d3b64a9fdf1ad8a8fed976", "addtime": "2025-12-16 00:58:23", "status": 1, "save": "", "backupTo": "", "sName": "", "sBody": "", "sType": "toUrl", "urladdress": "https://api.xexapi.com/financial/income", "save_local": 1, "notice": "", "notice_channel": ""}, {"id": 5, "name": "woker", "type": "day", "where1": "", "where_hour": 1, "where_minute": 30, "echo": "bcfcf4d09f609df1b8e89a0f6cd3efec", "addtime": "2025-12-16 00:58:23", "status": 1, "save": "", "backupTo": "", "sName": "", "sBody": "su -s /bin/bash - www <<EOF\r\ncd /www/wwwroot/gl.xexapi.com/\r\nphp artisan gateway-worker:server restart\r\nEOF", "sType": "toShell", "urladdress": "", "save_local": 1, "notice": "", "notice_channel": ""}, {"id": 6, "name": "\u5e73\u4ed3", "type": "day", "where1": "", "where_hour": 2, "where_minute": 30, "echo": "1ff535000c7ef699101e517cebb7e660", "addtime": "2025-12-16 00:58:23", "status": 1, "save": "", "backupTo": "", "sName": "", "sBody": "su -s /bin/bash - www <<EOF\r\ncd /www/wwwroot/gl.xexapi.com/\r\nphp artisan queue:work --queue=order\r\nEOF", "sType": "toShell", "urladdress": "", "save_local": 1, "notice": "", "notice_channel": ""}, {"id": 7, "name": "K\u7ebf", "type": "day", "where1": "", "where_hour": 2, "where_minute": 1, "echo": "a43cdd3220f677a6609e1225c2624b07", "addtime": "2025-12-16 00:58:23", "status": 1, "save": "", "backupTo": "", "sName": "", "sBody": "su -s /bin/bash - www <<EOF\r\ncd /www/wwwroot/gl.xexapi.com/\r\nphp artisan queue:work --queue\r\nEOF", "sType": "toShell", "urladdress": "", "save_local": 1, "notice": "", "notice_channel": ""}, {"id": 8, "name": "Nginx\u9632\u706b\u5899\u6728\u9a6c\u67e5\u6740\u8fdb\u7a0b\u8bf7\u52ff\u5220\u9664", "type": "minute-n", "where1": "1", "where_hour": "", "where_minute": "", "echo": "bb0d98a12288898df896cf8a51f7c132", "addtime": "2025-12-16 00:58:23", "status": 1, "save": "", "backupTo": "", "sName": "", "sBody": "/www/server/panel/pyenv/bin/python /www/server/panel/plugin/btwaf/webshell_check.py", "sType": "toShell", "urladdress": "", "save_local": 0, "notice": 0, "notice_channel": ""}, {"id": 9, "name": "ql", "type": "day", "where1": "", "where_hour": 1, "where_minute": 30, "echo": "3241e3ed3aa8c84efea05f2cf7c95adc", "addtime": "2025-12-16 00:58:23", "status": 1, "save": "", "backupTo": "", "sName": "", "sBody": "cat /dev/null > /var/log/boot.log\r\ncat /dev/null > /var/log/btmp\r\ncat /dev/null > /var/log/cron\r\ncat /dev/null > /var/log/dmesg\r\ncat /dev/null > /var/log/firewalld\r\ncat /dev/null > /var/log/grubby\r\ncat /dev/null > /var/log/lastlog\r\ncat /dev/null > /var/log/mail.info\r\ncat /dev/null > /var/log/maillog\r\ncat /dev/null > /var/log/messages\r\ncat /dev/null > /var/log/secure\r\ncat /dev/null > /var/log/spooler\r\ncat /dev/null > /var/log/syslog\r\ncat /dev/null > /var/log/tallylog\r\ncat /dev/null > /var/log/wpa_supplicant.log\r\ncat /dev/null > /var/log/wtmp\r\ncat /dev/null > /var/log/yum.log", "sType": "toShell", "urladdress": "", "save_local": 1, "notice": "", "notice_channel": ""}]}