[{"port": "80", "ps": "\u7f51\u7ad9\u9ed8\u8ba4\u7aef\u53e3", "addtime": "0000-00-00 00:00:00"}, {"port": "8888", "ps": "WEB\u9762\u677f", "addtime": "0000-00-00 00:00:00"}, {"port": "21", "ps": "FTP\u670d\u52a1", "addtime": "0000-00-00 00:00:00"}, {"port": "22", "ps": "SSH\u8fdc\u7a0b\u7ba1\u7406\u670d\u52a1", "addtime": "0000-00-00 00:00:00"}, {"port": "20", "ps": "", "addtime": "2025-11-28 15:43:43"}, {"port": "443", "ps": "", "addtime": "2025-11-28 15:43:43"}, {"port": "33052", "ps": "", "addtime": "2025-11-28 15:43:43"}, {"port": "60008", "ps": "", "addtime": "2025-11-28 15:43:43"}, {"port": "39000-40000", "ps": "", "addtime": "2025-11-28 15:43:43"}, {"port": "888", "ps": "", "addtime": "2025-11-28 15:43:43"}]