{"site": [{"id": 2, "name": "admin1.youtoube563.top", "path": "/www/wwwroot/admin1.youtoube563.top", "status": "0", "ps": "admin1.youtoube563.top", "addtime": "2025-11-28 15:42:10", "project_type": "PHP", "project_config": "{}"}, {"id": 3, "name": "front.youtoube563.top", "path": "/www/wwwroot/front.youtoube563.top", "status": "0", "ps": "front.youtoube563.top", "addtime": "2025-11-28 15:49:10", "project_type": "PHP", "project_config": "{}"}, {"id": 6, "name": "btc.youtoube563.top", "path": "/www/wwwroot/btc.youtoube563.top", "status": "0", "ps": "btc.youtoube563.top", "addtime": "2025-12-02 01:08:45", "project_type": "PHP", "project_config": "{}"}, {"id": 7, "name": "pay.youtoube563.top", "path": "/www/wwwroot/pay.youtoube563.top", "status": "1", "ps": "pay.youtoube563.top", "addtime": "2025-12-06 23:18:39", "project_type": "PHP", "project_config": "{}"}, {"id": 8, "name": "yinyue.guotai888.top", "path": "/www/wwwroot/yinyue.guotai888.top", "status": "0", "ps": "yinyue.guotai888.top", "addtime": "2025-12-08 01:14:36", "project_type": "PHP", "project_config": "{}"}, {"id": 9, "name": "yinyue2.guotai888.top", "path": "/www/wwwroot/yinyue2.guotai888.top", "status": "0", "ps": "yinyue2.guotai888.top", "addtime": "2025-12-08 17:50:58", "project_type": "PHP", "project_config": "{}"}, {"id": 10, "name": "test.guotai888.top", "path": "/www/wwwroot/test.guotai888.top", "status": "0", "ps": " test.guotai888.top", "addtime": "2025-12-08 18:00:21", "project_type": "PHP", "project_config": "{}"}, {"id": 11, "name": "gl.xexapi.com", "path": "/www/wwwroot/gl.xexapi.com", "status": "0", "ps": "gl.xexapi.com", "addtime": "2025-11-14 10:33:49", "project_type": "PHP", "project_config": "{}"}, {"id": 12, "name": "h5.gtykk.com", "path": "/www/wwwroot/h5.gtykk.com", "status": "0", "ps": "h5.gtykk.com", "addtime": "2025-11-14 10:48:46", "project_type": "PHP", "project_config": "{}"}, {"id": 13, "name": "www.gtykk.com", "path": "/www/wwwroot/www.gtykk.com", "status": "0", "ps": "www.gtykk.com", "addtime": "2025-11-14 10:49:10", "project_type": "PHP", "project_config": "{}"}, {"id": 14, "name": "ws.xexapi.com", "path": "/www/wwwroot/ws.xexapi.com", "status": "0", "ps": "ws.xexapi.com", "addtime": "2025-11-14 10:54:16", "project_type": "PHP", "project_config": "{}"}, {"id": 15, "name": "amd.youtoube563.top", "path": "/www/wwwroot/amd.youtoube563.top", "status": "1", "ps": "amd.youtoube563.top", "addtime": "2025-12-22 17:18:32", "project_type": "PHP", "project_config": "{}"}, {"id": 17, "name": "tisktshop.com", "path": "/www/wwwroot/tisktshop.com", "status": "1", "ps": "tisktshop.com", "addtime": "2025-12-24 19:40:00", "project_type": "PHP", "project_config": "{}"}, {"id": 18, "name": "app.youtobe6898.top", "path": "/www/wwwroot/app.youtobe6898.top", "status": "1", "ps": "app.youtobe6898.top", "addtime": "2025-12-27 04:28:05", "project_type": "PHP", "project_config": "{}"}], "domain": [{"pid": 2, "name": "admin1.youtoube563.top", "port": 80, "addtime": "2025-11-28 15:42:10"}, {"pid": 3, "name": "front.youtoube563.top", "port": 80, "addtime": "2025-11-28 15:49:10"}, {"pid": 6, "name": "btc.youtoube563.top", "port": 80, "addtime": "2025-12-02 01:08:45"}, {"pid": 7, "name": "pay.youtoube563.top", "port": 80, "addtime": "2025-12-06 23:18:39"}, {"pid": 8, "name": "yinyue.guotai888.top", "port": 80, "addtime": "2025-12-08 01:14:36"}, {"pid": 9, "name": "yinyue2.guotai888.top", "port": 80, "addtime": "2025-12-08 17:50:58"}, {"pid": 10, "name": "test.guotai888.top", "port": 80, "addtime": "2025-12-08 18:00:21"}, {"pid": 11, "name": "gl.xexapi.com", "port": 80, "addtime": "2025-11-14 10:33:49"}, {"pid": 11, "name": "api.xexapi.com", "port": 80, "addtime": "2025-11-14 10:34:03"}, {"pid": 12, "name": "h5.gtykk.com", "port": 80, "addtime": "2025-11-14 10:48:46"}, {"pid": 13, "name": "www.gtykk.com", "port": 80, "addtime": "2025-11-14 10:49:10"}, {"pid": 14, "name": "ws.xexapi.com", "port": 80, "addtime": "2025-11-14 10:54:16"}, {"pid": 15, "name": "amd.youtoube563.top", "port": 80, "addtime": "2025-12-22 17:18:32"}, {"pid": 17, "name": "tisktshop.com", "port": 80, "addtime": "2025-12-24 19:40:00"}, {"pid": 18, "name": "app.youtobe6898.top", "port": 80, "addtime": "2025-12-27 04:28:05"}, {"pid": 17, "name": "*.bkemgae.top", "port": 80, "addtime": "2025-12-27 04:51:49"}, {"pid": 17, "name": "bb.bkemgae.top", "port": 80, "addtime": "2025-12-27 04:52:02"}]}